<?xml version="1.0" encoding="UTF-8"?>
<GenRun Id="synth_1" LaunchPart="xc7a35tcpg236-1" LaunchTime="1604581727">
  <File Type="REPORTS-TCL" Name="XADCdemo_reports.tcl"/>
  <File Type="PA-TCL" Name="XADCdemo.tcl"/>
  <File Type="RDS-DCP" Name="XADCdemo.dcp"/>
  <File Type="RDS-RDS" Name="XADCdemo.vds"/>
  <File Type="RDS-UTIL" Name="XADCdemo_utilization_synth.rpt"/>
  <File Type="RDS-UTIL-PB" Name="XADCdemo_utilization_synth.pb"/>
  <FileSet Name="sources" Type="DesignSrcs" RelSrcDir="$PSRCDIR/sources_1">
    <Filter Type="Srcs"/>
    <File Path="$PSRCDIR/sources_1/ip/xadc_wiz_0/xadc_wiz_0.xci">
      <FileInfo>
        <Attr Name="ImportPath" Val="$PPRDIR/../../../../../src/ip/xadc_wiz_0/xadc_wiz_0.xci"/>
        <Attr Name="ImportTime" Val="1604581625"/>
        <Attr Name="UsedIn" Val="synthesis"/>
        <Attr Name="UsedIn" Val="implementation"/>
        <Attr Name="UsedIn" Val="simulation"/>
      </FileInfo>
    </File>
    <File Path="$PSRCDIR/sources_1/imports/hdl/XADCdemo.v">
      <FileInfo>
        <Attr Name="ImportPath" Val="$PPRDIR/../../../../../src/hdl/XADCdemo.v"/>
        <Attr Name="ImportTime" Val="1604581625"/>
        <Attr Name="UsedIn" Val="synthesis"/>
        <Attr Name="UsedIn" Val="implementation"/>
        <Attr Name="UsedIn" Val="simulation"/>
      </FileInfo>
    </File>
    <Config>
      <Option Name="DesignMode" Val="RTL"/>
      <Option Name="TopModule" Val="XADCdemo"/>
      <Option Name="TopAutoSet" Val="TRUE"/>
    </Config>
  </FileSet>
  <FileSet Name="constrs_in" Type="Constrs" RelSrcDir="$PSRCDIR/constrs_1">
    <Filter Type="Constrs"/>
    <File Path="$PSRCDIR/constrs_1/imports/constraints/CmodA7_Master.xdc">
      <FileInfo>
        <Attr Name="ImportPath" Val="$PPRDIR/../../../../../src/constraints/CmodA7_Master.xdc"/>
        <Attr Name="ImportTime" Val="1604581625"/>
        <Attr Name="UsedIn" Val="synthesis"/>
        <Attr Name="UsedIn" Val="implementation"/>
      </FileInfo>
    </File>
    <Config>
      <Option Name="ConstrsType" Val="XDC"/>
    </Config>
  </FileSet>
  <FileSet Name="utils" Type="Utils" RelSrcDir="$PSRCDIR/utils_1">
    <Filter Type="Utils"/>
    <Config>
      <Option Name="TopAutoSet" Val="TRUE"/>
    </Config>
  </FileSet>
  <Strategy Version="1" Minor="2">
    <StratHandle Name="Vivado Synthesis Defaults" Flow="Vivado Synthesis 2020"/>
    <Step Id="synth_design">
      <Option Id="Directive">0</Option>
      <Option Id="FsmExtraction">0</Option>
      <Option Id="FlattenHierarchy">1</Option>
    </Step>
  </Strategy>
</GenRun>
